{
  "totalRequests": 250,
  "successfulRequests": 0,
  "failedRequests": 250,
  "totalDuration": 165.78969999999998,
  "averageDuration": 12.851118800000002,
  "minDuration": 11.055799999999977,
  "maxDuration": 15.583700000000022,
  "p50": 12.548999999999978,
  "p95": 14.77389999999997,
  "p99": 15.333399999999983,
  "requestsPerSecond": 1507.9344494863071,
  "errorRate": 100,
  "durations": [
    11.055799999999977,
    11.106800000000021,
    11.154200000000003,
    11.162199999999984,
    11.169600000000003,
    11.171099999999967,
    11.17859999999996,
    11.21859999999998,
    11.257200000000012,
    11.275100000000009,
    11.281000000000006,
    11.30359999999996,
    11.308600000000013,
    11.329799999999977,
    11.334900000000005,
    11.362199999999973,
    11.379600000000039,
    11.385100000000023,
    11.393199999999979,
    11.458300000000008,
    11.461799999999982,
    11.52679999999998,
    11.541499999999985,
    11.541899999999998,
    11.626300000000015,
    11.648000000000025,
    11.708200000000033,
    11.728799999999978,
    11.732500000000016,
    11.734399999999994,
    11.74430000000001,
    11.748199999999997,
    11.749500000000012,
    11.758999999999958,
    11.766599999999983,
    11.769200000000012,
    11.779699999999991,
    11.791200000000003,
    11.805600000000027,
    11.807999999999993,
    11.813699999999983,
    11.814600000000041,
    11.820699999999988,
    11.825600000000009,
    11.827600000000018,
    11.829700000000003,
    11.836299999999994,
    11.84499999999997,
    11.846699999999998,
    11.846699999999998,
    11.852000000000032,
    11.858000000000004,
    11.86469999999997,
    11.86930000000001,
    11.873499999999979,
    11.905300000000011,
    11.92100000000005,
    11.923800000000028,
    11.926799999999957,
    11.93489999999997,
    11.93549999999999,
    11.941900000000032,
    11.942099999999982,
    11.948199999999986,
    11.949099999999987,
    11.968800000000044,
    11.997700000000009,
    12.001400000000046,
    12.010500000000036,
    12.017200000000003,
    12.023400000000038,
    12.027800000000013,
    12.029500000000041,
    12.033799999999985,
    12.038299999999992,
    12.040800000000047,
    12.047900000000027,
    12.062099999999987,
    12.068899999999985,
    12.070300000000032,
    12.074299999999994,
    12.076099999999997,
    12.076099999999997,
    12.081099999999992,
    12.085800000000006,
    12.098299999999995,
    12.099700000000041,
    12.111999999999966,
    12.120000000000005,
    12.137999999999977,
    12.145000000000039,
    12.147799999999961,
    12.154099999999971,
    12.161799999999971,
    12.173999999999978,
    12.17689999999999,
    12.180100000000039,
    12.18470000000002,
    12.188199999999995,
    12.190499999999986,
    12.191399999999987,
    12.19440000000003,
    12.200199999999995,
    12.20210000000003,
    12.216099999999983,
    12.216199999999958,
    12.222300000000018,
    12.225999999999999,
    12.269999999999982,
    12.287199999999984,
    12.2894,
    12.295000000000016,
    12.301800000000014,
    12.308499999999981,
    12.315000000000055,
    12.32310000000001,
    12.332899999999995,
    12.336700000000008,
    12.340599999999995,
    12.376599999999996,
    12.381399999999985,
    12.382399999999961,
    12.426800000000014,
    12.522299999999973,
    12.548999999999978,
    12.564599999999984,
    12.567699999999945,
    12.58869999999996,
    12.602800000000002,
    12.619699999999966,
    12.691100000000006,
    12.843400000000031,
    12.96350000000001,
    13.085300000000018,
    13.119699999999966,
    13.132399999999961,
    13.14269999999999,
    13.1481,
    13.18180000000001,
    13.182800000000043,
    13.19029999999998,
    13.218500000000006,
    13.22460000000001,
    13.251499999999965,
    13.263499999999965,
    13.263800000000003,
    13.264400000000023,
    13.266299999999944,
    13.274499999999989,
    13.281299999999987,
    13.293200000000013,
    13.29989999999998,
    13.317000000000007,
    13.369399999999985,
    13.3716,
    13.379999999999995,
    13.38069999999999,
    13.395699999999977,
    13.401700000000005,
    13.403700000000015,
    13.409700000000043,
    13.413400000000024,
    13.416600000000017,
    13.421400000000006,
    13.430700000000002,
    13.475700000000018,
    13.482400000000041,
    13.494599999999991,
    13.495600000000024,
    13.49879999999996,
    13.504599999999982,
    13.50709999999998,
    13.518799999999999,
    13.519400000000019,
    13.523399999999981,
    13.542300000000012,
    13.560800000000029,
    13.592100000000016,
    13.598199999999963,
    13.614000000000033,
    13.619599999999991,
    13.63620000000003,
    13.645100000000014,
    13.64749999999998,
    13.654899999999998,
    13.693600000000004,
    13.701000000000022,
    13.714799999999968,
    13.718800000000044,
    13.738099999999974,
    13.756899999999973,
    13.770100000000014,
    13.7817,
    13.782399999999996,
    13.784600000000012,
    13.794899999999984,
    13.795000000000016,
    13.80940000000004,
    13.819899999999961,
    13.828700000000026,
    13.833700000000022,
    13.855200000000025,
    13.88190000000003,
    13.886500000000012,
    13.89530000000002,
    13.917100000000005,
    13.921599999999955,
    13.924399999999991,
    13.926099999999963,
    13.929099999999949,
    13.931699999999978,
    13.933099999999968,
    13.937900000000013,
    14.006000000000029,
    14.023500000000013,
    14.029800000000023,
    14.030599999999993,
    14.030599999999993,
    14.051500000000033,
    14.108099999999979,
    14.144599999999969,
    14.159400000000005,
    14.224800000000016,
    14.240600000000029,
    14.274900000000002,
    14.346400000000017,
    14.37639999999999,
    14.480399999999975,
    14.492500000000007,
    14.522600000000011,
    14.607199999999978,
    14.613200000000006,
    14.67070000000001,
    14.683700000000044,
    14.702499999999986,
    14.728099999999984,
    14.756399999999985,
    14.77389999999997,
    14.798799999999972,
    14.873400000000004,
    14.929599999999994,
    14.941399999999987,
    15.02049999999997,
    15.04260000000005,
    15.117400000000032,
    15.261799999999994,
    15.309300000000007,
    15.333399999999983,
    15.437099999999987,
    15.583700000000022
  ],
  "perSecond": [
    {
      "second": 0,
      "requests": 250,
      "avgLatency": 12.851118800000007,
      "p95Latency": 14.77389999999997
    }
  ],
  "errors": [
    {
      "status": 0,
      "message": "fetch failed"
    },
    {
      "status": 0,
      "message": "fetch failed"
    },
    {
      "status": 0,
      "message": "fetch failed"
    },
    {
      "status": 0,
      "message": "fetch failed"
    },
    {
      "status": 0,
      "message": "fetch failed"
    },
    {
      "status": 0,
      "message": "fetch failed"
    },
    {
      "status": 0,
      "message": "fetch failed"
    },
    {
      "status": 0,
      "message": "fetch failed"
    },
    {
      "status": 0,
      "message": "fetch failed"
    },
    {
      "status": 0,
      "message": "fetch failed"
    }
  ]
}